divercity-1.jpg	https://thumb.wikimedia.org/wikipedia/commons/thumb/6/66/Life-Sized_Unicorn_Gundam_Statue.jpg/1280px-Life-Sized_Unicorn_Gundam_Statue.jpg	https://commons.wikimedia.org/wiki/Special:FilePath/Life-Sized_Unicorn_Gundam_Statue.jpg?width=1024
divercity-3.jpg	https://thumb.wikimedia.org/wikipedia/commons/thumb/f/f9/Diver_City_Tokyo_20211127_02.jpg/1280px-Diver_City_Tokyo_20211127_02.jpg	https://commons.wikimedia.org/wiki/Special:FilePath/Diver_City_Tokyo_20211127_02.jpg?width=1024
food-anmitsu.jpg	https://thumb.wikimedia.org/wikipedia/commons/thumb/5/57/Anmitsu_001.jpg/1280px-Anmitsu_001.jpg	https://commons.wikimedia.org/wiki/Special:FilePath/Anmitsu_001.jpg?width=1024
food-crepe.jpg	https://thumb.wikimedia.org/wikipedia/commons/thumb/4/40/Marion_Cr%C3%AApes_in_Harajuku_Takeshita.jpg/1280px-Marion_Cr%C3%AApes_in_Harajuku_Takeshita.jpg	https://commons.wikimedia.org/wiki/Special:FilePath/Marion_Cr%C3%AApes_in_Harajuku_Takeshita.jpg?width=1024
food-curry-naan.jpg	https://thumb.wikimedia.org/wikipedia/commons/thumb/7/78/Butter_Chicken_with_Garlic_Naan.jpg/1280px-Butter_Chicken_with_Garlic_Naan.jpg	https://commons.wikimedia.org/wiki/Special:FilePath/Butter_Chicken_with_Garlic_Naan.jpg?width=1024
food-dorayaki.jpg	https://thumb.wikimedia.org/wikipedia/commons/thumb/e/ea/Dorayaki_004.jpg/1280px-Dorayaki_004.jpg	https://commons.wikimedia.org/wiki/Special:FilePath/Dorayaki_004.jpg?width=1024
food-gyoza.jpg	https://thumb.wikimedia.org/wikipedia/commons/thumb/6/6a/2018-07-29_Yaki_Gyoza_of_Hidakaya.jpg/1280px-2018-07-29_Yaki_Gyoza_of_Hidakaya.jpg	https://commons.wikimedia.org/wiki/Special:FilePath/2018-07-29_Yaki_Gyoza_of_Hidakaya.jpg?width=1024
food-kaiten.jpg	https://thumb.wikimedia.org/wikipedia/commons/thumb/2/2b/Tokyo-Kaiten_sushi%2C_Japan_%282010%29.jpg/1280px-Tokyo-Kaiten_sushi%2C_Japan_%282010%29.jpg	https://commons.wikimedia.org/wiki/Special:FilePath/Tokyo-Kaiten_sushi%2C_Japan_%282010%29.jpg?width=1024
food-kebab.jpg	https://thumb.wikimedia.org/wikipedia/commons/thumb/a/aa/D%C3%B6ner_Kebab%2C_Berlin%2C_2010_%2801%29.jpg/1280px-D%C3%B6ner_Kebab%2C_Berlin%2C_2010_%2801%29.jpg	https://commons.wikimedia.org/wiki/Special:FilePath/D%C3%B6ner_Kebab%2C_Berlin%2C_2010_%2801%29.jpg?width=1024
food-matcha-soft.jpg	https://thumb.wikimedia.org/wikipedia/commons/thumb/1/15/Matcha_ice-cream.jpg/1280px-Matcha_ice-cream.jpg	https://commons.wikimedia.org/wiki/Special:FilePath/Matcha_ice-cream.jpg?width=1024
food-melonpan.jpg	https://thumb.wikimedia.org/wikipedia/commons/thumb/2/27/%E6%B3%A2%E8%98%BF%E9%BA%B5%E5%8C%85%2C_%E6%B5%85%E8%8D%89%E8%8A%B1%E6%9C%88%E5%A0%82%2C_%E6%B5%85%E8%8D%89%2C_%E6%9D%B1%E4%BA%AC%2C_%E6%97%A5%E6%9C%AC%2C_%E3%82%B8%E3%83%A3%E3%83%B3%E3%83%9C%E3%82%81%E3%82%8D%E3%82%93%E3%81%B1%E3%82%93%2C_%E3%81%82%E3%81%95%E3%81%8F%E3%81%95%2C_%E3%81%A8%E3%81%86%E3%81%8D%E3%82%87%E3%81%86%2C_%E3%81%AB%E3%81%A3%E3%81%BD%E3%82%93%2C_%E3%81%AB%E3%81%BB%E3%82%93%2C_Asakusa_Kagetsudo_Honten%2C_Asakusa%2C_Tokyo%2C_Japan%2C_Nippon%2C_Nihon_%2822533901280%29.jpg/1280px-thumbnail.jpg	https://commons.wikimedia.org/wiki/Special:FilePath/%E6%B3%A2%E8%98%BF%E9%BA%B5%E5%8C%85%2C_%E6%B5%85%E8%8D%89%E8%8A%B1%E6%9C%88%E5%A0%82%2C_%E6%B5%85%E8%8D%89%2C_%E6%9D%B1%E4%BA%AC%2C_%E6%97%A5%E6%9C%AC%2C_%E3%82%B8%E3%83%A3%E3%83%B3%E3%83%9C%E3%82%81%E3%82%8D%E3%82%93%E3%81%B1%E3%82%93%2C_%E3%81%82%E3%81%95%E3%81%8F%E3%81%95%2C_%E3%81%A8%E3%81%86%E3%81%8D%E3%82%87%E3%81%86%2C_%E3%81%AB%E3%81%A3%E3%81%BD%E3%82%93%2C_%E3%81%AB%E3%81%BB%E3%82%93%2C_Asakusa_Kagetsudo_Honten%2C_Asakusa%2C_Tokyo%2C_Japan%2C_Nippon%2C_Nihon_%2822533901280%29.jpg?width=1024
food-menchi.jpg	https://upload.wikimedia.org/wikipedia/commons/1/16/Menchi_%28minced_pork%29_katsu.jpg	https://commons.wikimedia.org/wiki/Special:FilePath/Menchi_%28minced_pork%29_katsu.jpg?width=1024
food-nasi-goreng.jpg	https://thumb.wikimedia.org/wikipedia/commons/thumb/4/46/Nasi_Goreng_Kampung.jpg/1280px-Nasi_Goreng_Kampung.jpg	https://commons.wikimedia.org/wiki/Special:FilePath/Nasi_Goreng_Kampung.jpg?width=1024
food-nigiri.jpg	https://thumb.wikimedia.org/wikipedia/commons/thumb/a/ae/Maguro_Chutoro_%28moderately_fatty_tuna%29_Nigiri.jpg/1280px-Maguro_Chutoro_%28moderately_fatty_tuna%29_Nigiri.jpg	https://commons.wikimedia.org/wiki/Special:FilePath/Maguro_Chutoro_%28moderately_fatty_tuna%29_Nigiri.jpg?width=1024
food-ningyoyaki.jpg	https://thumb.wikimedia.org/wikipedia/commons/thumb/6/6a/Ningyo-yaki_bakery_Asakusa_Tokyo.JPG/1280px-Ningyo-yaki_bakery_Asakusa_Tokyo.JPG	https://commons.wikimedia.org/wiki/Special:FilePath/Ningyo-yaki_bakery_Asakusa_Tokyo.JPG?width=1024
food-okoshi.jpg	https://thumb.wikimedia.org/wikipedia/commons/thumb/1/10/Japanese_kaminari_okoshi_2014.jpg/1280px-Japanese_kaminari_okoshi_2014.jpg	https://commons.wikimedia.org/wiki/Special:FilePath/Japanese_kaminari_okoshi_2014.jpg?width=1024
food-soba.jpg	https://thumb.wikimedia.org/wikipedia/commons/thumb/a/ad/Soba_Noodles_at_Tamawarai%2C_Shibuya%2C_Tokyo.jpg/1280px-Soba_Noodles_at_Tamawarai%2C_Shibuya%2C_Tokyo.jpg	https://commons.wikimedia.org/wiki/Special:FilePath/Soba_Noodles_at_Tamawarai%2C_Shibuya%2C_Tokyo.jpg?width=1024
food-takoyaki.jpg	https://thumb.wikimedia.org/wikipedia/commons/thumb/4/45/Takoyaki_dish.jpg/1280px-Takoyaki_dish.jpg	https://commons.wikimedia.org/wiki/Special:FilePath/Takoyaki_dish.jpg?width=1024
food-tempura-don.jpg	https://thumb.wikimedia.org/wikipedia/commons/thumb/e/ed/Tendon_002.jpg/1280px-Tendon_002.jpg	https://commons.wikimedia.org/wiki/Special:FilePath/Tendon_002.jpg?width=1024
food-tonkotsu.jpg	https://thumb.wikimedia.org/wikipedia/commons/thumb/2/28/Tonkotsu_ramen_in_Tokyo.jpg/1280px-Tonkotsu_ramen_in_Tokyo.jpg	https://commons.wikimedia.org/wiki/Special:FilePath/Tonkotsu_ramen_in_Tokyo.jpg?width=1024
food-tsukemen.jpg	https://thumb.wikimedia.org/wikipedia/commons/thumb/5/56/Tsukemen_at_a_Tokyo_restaurant.jpg/1280px-Tsukemen_at_a_Tokyo_restaurant.jpg	https://commons.wikimedia.org/wiki/Special:FilePath/Tsukemen_at_a_Tokyo_restaurant.jpg?width=1024
food-yuzu-ramen.jpg	https://thumb.wikimedia.org/wikipedia/commons/thumb/3/3e/Yuzu_Shio_Ramen_%40_Afuri_%40_Ebisu_%2814018053090%29.jpg/1280px-Yuzu_Shio_Ramen_%40_Afuri_%40_Ebisu_%2814018053090%29.jpg	https://commons.wikimedia.org/wiki/Special:FilePath/Yuzu_Shio_Ramen_%40_Afuri_%40_Ebisu_%2814018053090%29.jpg?width=1024
legoland-1.jpg	https://thumb.wikimedia.org/wikipedia/commons/thumb/b/b0/Legoland_Tokyo_%2829137503094%29.jpg/1280px-Legoland_Tokyo_%2829137503094%29.jpg	https://commons.wikimedia.org/wiki/Special:FilePath/Legoland_Tokyo_%2829137503094%29.jpg?width=1024
legoland-2.jpg	https://thumb.wikimedia.org/wikipedia/commons/thumb/2/20/Legoland_Tokyo_%2829472955930%29.jpg/1280px-Legoland_Tokyo_%2829472955930%29.jpg	https://commons.wikimedia.org/wiki/Special:FilePath/Legoland_Tokyo_%2829472955930%29.jpg?width=1024
legoland-3.jpg	https://thumb.wikimedia.org/wikipedia/commons/thumb/f/f2/Legoland_Tokyo_%2829471911540%29.jpg/1280px-Legoland_Tokyo_%2829471911540%29.jpg	https://commons.wikimedia.org/wiki/Special:FilePath/Legoland_Tokyo_%2829471911540%29.jpg?width=1024
meiji-jingu-2.jpg	https://thumb.wikimedia.org/wikipedia/commons/thumb/e/ed/Courtyard_of_Meiji_Shrine_20190717.jpg/1280px-Courtyard_of_Meiji_Shrine_20190717.jpg	https://commons.wikimedia.org/wiki/Special:FilePath/Courtyard_of_Meiji_Shrine_20190717.jpg?width=1024
meiji-jingu-3.jpg	https://thumb.wikimedia.org/wikipedia/commons/thumb/d/df/Meiji-jingu-pathway.jpg/1280px-Meiji-jingu-pathway.jpg	https://commons.wikimedia.org/wiki/Special:FilePath/Meiji-jingu-pathway.jpg?width=1024
meiji-jingu-4.jpg	https://thumb.wikimedia.org/wikipedia/commons/thumb/7/75/September_2024_Meiji_Jingu_10.jpg/1280px-September_2024_Meiji_Jingu_10.jpg	https://commons.wikimedia.org/wiki/Special:FilePath/September_2024_Meiji_Jingu_10.jpg?width=1024
meiji-jingu.jpg	https://thumb.wikimedia.org/wikipedia/commons/thumb/f/fc/Meiji-jingu_Torii_1.jpg/1280px-Meiji-jingu_Torii_1.jpg	https://commons.wikimedia.org/wiki/Special:FilePath/Meiji-jingu_Torii_1.jpg?width=1024
odaiba-rainbow-bridge-2.jpg	https://thumb.wikimedia.org/wikipedia/commons/thumb/d/d9/Odaiba_Seaside_Park_%40_Odaiba_%289730161317%29.jpg/1280px-Odaiba_Seaside_Park_%40_Odaiba_%289730161317%29.jpg	https://commons.wikimedia.org/wiki/Special:FilePath/Odaiba_Seaside_Park_%40_Odaiba_%289730161317%29.jpg?width=1024
odaiba-rainbow-bridge-3.jpg	https://thumb.wikimedia.org/wikipedia/commons/thumb/2/2f/DECKS_Tokyo_Beach_at_night.jpg/1280px-DECKS_Tokyo_Beach_at_night.jpg	https://commons.wikimedia.org/wiki/Special:FilePath/DECKS_Tokyo_Beach_at_night.jpg?width=1024
odaiba-rainbow-bridge-4.jpg	https://thumb.wikimedia.org/wikipedia/commons/thumb/d/d3/DECKS_Tokyo_Beach2.jpg/1280px-DECKS_Tokyo_Beach2.jpg	https://commons.wikimedia.org/wiki/Special:FilePath/DECKS_Tokyo_Beach2.jpg?width=1024
odaiba-rainbow-bridge.jpg	https://thumb.wikimedia.org/wikipedia/commons/thumb/c/ce/20190322_Odaiba_Rainbow_Bridge.jpg/1280px-20190322_Odaiba_Rainbow_Bridge.jpg	https://commons.wikimedia.org/wiki/Special:FilePath/20190322_Odaiba_Rainbow_Bridge.jpg?width=1024
sensoji-2.jpg	https://thumb.wikimedia.org/wikipedia/commons/thumb/7/7d/Hondo_%28Main_Hall%29_of_Sensoji_Temple_2.jpg/1280px-Hondo_%28Main_Hall%29_of_Sensoji_Temple_2.jpg	https://commons.wikimedia.org/wiki/Special:FilePath/Hondo_%28Main_Hall%29_of_Sensoji_Temple_2.jpg?width=1024
sensoji-3.jpg	https://thumb.wikimedia.org/wikipedia/commons/thumb/b/ba/Nakamise%2C_Asakusa%2C_Tokyo_as_seen_from_the_Asakusa_Culture_Tourist_Information_Center_20190420_2.jpg/1280px-Nakamise%2C_Asakusa%2C_Tokyo_as_seen_from_the_Asakusa_Culture_Tourist_Information_Center_20190420_2.jpg	https://commons.wikimedia.org/wiki/Special:FilePath/Nakamise%2C_Asakusa%2C_Tokyo_as_seen_from_the_Asakusa_Culture_Tourist_Information_Center_20190420_2.jpg?width=1024
sensoji-4.jpg	https://thumb.wikimedia.org/wikipedia/commons/thumb/8/81/Tokyo_Nakamise%28Asakusa%29.JPG/1280px-Tokyo_Nakamise%28Asakusa%29.JPG	https://commons.wikimedia.org/wiki/Special:FilePath/Tokyo_Nakamise%28Asakusa%29.JPG?width=1024
sensoji.jpg	https://thumb.wikimedia.org/wikipedia/commons/thumb/3/32/Kaminarimon%2C_Sensoji_%282521999969%29.jpg/1280px-Kaminarimon%2C_Sensoji_%282521999969%29.jpg	https://commons.wikimedia.org/wiki/Special:FilePath/Kaminarimon%2C_Sensoji_%282521999969%29.jpg?width=1024
sh-bund-1.jpg	https://thumb.wikimedia.org/wikipedia/commons/thumb/6/64/Shanghai_skyline_from_the_bund.jpg/1280px-Shanghai_skyline_from_the_bund.jpg	https://commons.wikimedia.org/wiki/Special:FilePath/Shanghai_skyline_from_the_bund.jpg?width=1024
sh-bund-2.jpg	https://thumb.wikimedia.org/wikipedia/commons/thumb/0/05/Pudong_Skyline_from_The_Bund_20260417.jpg/1280px-Pudong_Skyline_from_The_Bund_20260417.jpg	https://commons.wikimedia.org/wiki/Special:FilePath/Pudong_Skyline_from_The_Bund_20260417.jpg?width=1024
sh-bund-3.jpg	https://thumb.wikimedia.org/wikipedia/commons/thumb/f/f2/The_Bund_at_night%2C_Shanghai%2C_Aug_10_2023.jpg/1280px-The_Bund_at_night%2C_Shanghai%2C_Aug_10_2023.jpg	https://commons.wikimedia.org/wiki/Special:FilePath/The_Bund_at_night%2C_Shanghai%2C_Aug_10_2023.jpg?width=1024
sh-huxi-1.jpg	https://thumb.wikimedia.org/wikipedia/commons/thumb/0/0b/Huxi_Mosque.jpg/1280px-Huxi_Mosque.jpg	https://commons.wikimedia.org/wiki/Special:FilePath/Huxi_Mosque.jpg?width=1024
sh-huxi-2.jpg	https://thumb.wikimedia.org/wikipedia/commons/thumb/9/9e/Huxi_Mosque_-_Prayer_Hall.jpg/1280px-Huxi_Mosque_-_Prayer_Hall.jpg	https://commons.wikimedia.org/wiki/Special:FilePath/Huxi_Mosque_-_Prayer_Hall.jpg?width=1024
sh-huxi-3.jpg	https://thumb.wikimedia.org/wikipedia/commons/thumb/e/e7/2026-10-04_Huxi_Mosque%2C_Shanghai_%E4%B8%8A%E6%B5%B7%E6%B2%AA%E8%A5%BF%E6%B8%85%E7%9C%9F%E5%AF%BA_04.jpg/1280px-2026-10-04_Huxi_Mosque%2C_Shanghai_%E4%B8%8A%E6%B5%B7%E6%B2%AA%E8%A5%BF%E6%B8%85%E7%9C%9F%E5%AF%BA_04.jpg	https://commons.wikimedia.org/wiki/Special:FilePath/2026-10-04_Huxi_Mosque%2C_Shanghai_%E4%B8%8A%E6%B5%B7%E6%B2%AA%E8%A5%BF%E6%B8%85%E7%9C%9F%E5%AF%BA_04.jpg?width=1024
sh-museum-1.jpg	https://thumb.wikimedia.org/wikipedia/commons/thumb/5/51/2010_Shanghai_Museum.jpg/1280px-2010_Shanghai_Museum.jpg	https://commons.wikimedia.org/wiki/Special:FilePath/2010_Shanghai_Museum.jpg?width=1024
sh-museum-2.jpg	https://thumb.wikimedia.org/wikipedia/commons/thumb/0/03/Shanghai_Museum_on_People%27s_Square.jpg/1280px-Shanghai_Museum_on_People%27s_Square.jpg	https://commons.wikimedia.org/wiki/Special:FilePath/Shanghai_Museum_on_People%27s_Square.jpg?width=1024
sh-nanjing-1.jpg	https://thumb.wikimedia.org/wikipedia/commons/thumb/0/01/2014.11.15.181414_Nanjing_Road_Pedestrian_Zone_Shanghai.jpg/1280px-2014.11.15.181414_Nanjing_Road_Pedestrian_Zone_Shanghai.jpg	https://commons.wikimedia.org/wiki/Special:FilePath/2014.11.15.181414_Nanjing_Road_Pedestrian_Zone_Shanghai.jpg?width=1024
sh-nanjing-2.jpg	https://thumb.wikimedia.org/wikipedia/commons/thumb/3/3a/Nanjing_Pedestrian_Shopping_Street_at_Evening.jpg/1280px-Nanjing_Pedestrian_Shopping_Street_at_Evening.jpg	https://commons.wikimedia.org/wiki/Special:FilePath/Nanjing_Pedestrian_Shopping_Street_at_Evening.jpg?width=1024
sh-nanjing-3.jpg	https://thumb.wikimedia.org/wikipedia/commons/thumb/9/9f/East_Nanjing_Pedestrian_Shopping_Street.jpg/1280px-East_Nanjing_Pedestrian_Shopping_Street.jpg	https://commons.wikimedia.org/wiki/Special:FilePath/East_Nanjing_Pedestrian_Shopping_Street.jpg?width=1024
sh-nhm-1.jpg	https://thumb.wikimedia.org/wikipedia/commons/thumb/9/9b/Shanghai_Natural_History_Museum_%28New%29_01.JPG/1280px-Shanghai_Natural_History_Museum_%28New%29_01.JPG	https://commons.wikimedia.org/wiki/Special:FilePath/Shanghai_Natural_History_Museum_%28New%29_01.JPG?width=1024
sh-nhm-2.jpg	https://thumb.wikimedia.org/wikipedia/commons/thumb/e/e7/Shanghai_Natural_History_Museum_%282015%29_-_02.JPG/1280px-Shanghai_Natural_History_Museum_%282015%29_-_02.JPG	https://commons.wikimedia.org/wiki/Special:FilePath/Shanghai_Natural_History_Museum_%282015%29_-_02.JPG?width=1024
sh-nhm-3.jpg	https://thumb.wikimedia.org/wikipedia/commons/thumb/0/02/Shanghai_Natural_History_Museum_%282015%29_-_05.JPG/1280px-Shanghai_Natural_History_Museum_%282015%29_-_05.JPG	https://commons.wikimedia.org/wiki/Special:FilePath/Shanghai_Natural_History_Museum_%282015%29_-_05.JPG?width=1024
sh-opt-1.jpg	https://thumb.wikimedia.org/wikipedia/commons/thumb/1/1f/Oriental_Pearl_Tower_in_Shanghai.jpg/1280px-Oriental_Pearl_Tower_in_Shanghai.jpg	https://commons.wikimedia.org/wiki/Special:FilePath/Oriental_Pearl_Tower_in_Shanghai.jpg?width=1024
sh-opt-2.jpg	https://thumb.wikimedia.org/wikipedia/commons/thumb/5/55/Oriental_Pearl_Tower_at_Night.jpg/1280px-Oriental_Pearl_Tower_at_Night.jpg	https://commons.wikimedia.org/wiki/Special:FilePath/Oriental_Pearl_Tower_at_Night.jpg?width=1024
sh-opt-3.jpg	https://thumb.wikimedia.org/wikipedia/commons/thumb/e/e4/2010_Oriental_Pearl_Tower%2C_Shanghai_01.jpg/1280px-2010_Oriental_Pearl_Tower%2C_Shanghai_01.jpg	https://commons.wikimedia.org/wiki/Special:FilePath/2010_Oriental_Pearl_Tower%2C_Shanghai_01.jpg?width=1024
sh-pudong-1.jpg	https://thumb.wikimedia.org/wikipedia/commons/thumb/8/8e/Pudong_Mosque.jpg/1280px-Pudong_Mosque.jpg	https://commons.wikimedia.org/wiki/Special:FilePath/Pudong_Mosque.jpg?width=1024
sh-pudong-2.jpg	https://thumb.wikimedia.org/wikipedia/commons/thumb/b/b0/2026-10-02_Pudong_Mosque_%E6%B5%A6%E4%B8%9C%E6%B8%85%E7%9C%9F%E5%AF%BA_01.jpg/1280px-2026-10-02_Pudong_Mosque_%E6%B5%A6%E4%B8%9C%E6%B8%85%E7%9C%9F%E5%AF%BA_01.jpg	https://commons.wikimedia.org/wiki/Special:FilePath/2026-10-02_Pudong_Mosque_%E6%B5%A6%E4%B8%9C%E6%B8%85%E7%9C%9F%E5%AF%BA_01.jpg?width=1024
sh-pudong-3.jpg	https://thumb.wikimedia.org/wikipedia/commons/thumb/8/8f/Pudong_Mosque_-_Prayer_Hall.JPG/1280px-Pudong_Mosque_-_Prayer_Hall.JPG	https://commons.wikimedia.org/wiki/Special:FilePath/Pudong_Mosque_-_Prayer_Hall.JPG?width=1024
sh-soa-1.jpg	https://thumb.wikimedia.org/wikipedia/commons/thumb/9/98/Shanghai_Ocean_Aquarium_2018.jpg/1280px-Shanghai_Ocean_Aquarium_2018.jpg	https://commons.wikimedia.org/wiki/Special:FilePath/Shanghai_Ocean_Aquarium_2018.jpg?width=1024
sh-soa-3.jpg	https://thumb.wikimedia.org/wikipedia/commons/thumb/d/d8/Shanghai_Ocean_Aquarium_-_Chitala_blanci_1.jpg/1280px-Shanghai_Ocean_Aquarium_-_Chitala_blanci_1.jpg	https://commons.wikimedia.org/wiki/Special:FilePath/Shanghai_Ocean_Aquarium_-_Chitala_blanci_1.jpg?width=1024
sh-tianzifang-1.jpg	https://thumb.wikimedia.org/wikipedia/commons/thumb/7/73/Tianzifang%2C_Shanghai.jpg/1280px-Tianzifang%2C_Shanghai.jpg	https://commons.wikimedia.org/wiki/Special:FilePath/Tianzifang%2C_Shanghai.jpg?width=1024
sh-tianzifang-2.jpg	https://thumb.wikimedia.org/wikipedia/commons/thumb/f/f2/Tianzifang_21640-Shanghai_%2832943988321%29.jpg/1280px-Tianzifang_21640-Shanghai_%2832943988321%29.jpg	https://commons.wikimedia.org/wiki/Special:FilePath/Tianzifang_21640-Shanghai_%2832943988321%29.jpg?width=1024
sh-tianzifang-3.jpg	https://thumb.wikimedia.org/wikipedia/commons/thumb/b/b6/Tianzifang_21655-Shanghai_%2832255079393%29.jpg/1280px-Tianzifang_21655-Shanghai_%2832255079393%29.jpg	https://commons.wikimedia.org/wiki/Special:FilePath/Tianzifang_21655-Shanghai_%2832255079393%29.jpg?width=1024
sh-tower-1.jpg	https://thumb.wikimedia.org/wikipedia/commons/thumb/e/e4/View_from_Shanghai_Tower_Observation_Deck.jpg/1280px-View_from_Shanghai_Tower_Observation_Deck.jpg	https://commons.wikimedia.org/wiki/Special:FilePath/View_from_Shanghai_Tower_Observation_Deck.jpg?width=1024
sh-tower-2.jpg	https://thumb.wikimedia.org/wikipedia/commons/thumb/8/83/Shanghai_Tower_view_2016_8.jpg/1280px-Shanghai_Tower_view_2016_8.jpg	https://commons.wikimedia.org/wiki/Special:FilePath/Shanghai_Tower_view_2016_8.jpg?width=1024
sh-tower-3.jpg	https://thumb.wikimedia.org/wikipedia/commons/thumb/a/a4/Shanghai_Tower_Aussichtsplattform.jpg/1280px-Shanghai_Tower_Aussichtsplattform.jpg	https://commons.wikimedia.org/wiki/Special:FilePath/Shanghai_Tower_Aussichtsplattform.jpg?width=1024
sh-xtym-1.jpg	https://thumb.wikimedia.org/wikipedia/commons/thumb/9/97/Xiaotaoyuan_Mosque.JPG/1280px-Xiaotaoyuan_Mosque.JPG	https://commons.wikimedia.org/wiki/Special:FilePath/Xiaotaoyuan_Mosque.JPG?width=1024
sh-xtym-2.jpg	https://thumb.wikimedia.org/wikipedia/commons/thumb/e/e9/Xiaotaoyuan_Mosque_for_Women.JPG/1280px-Xiaotaoyuan_Mosque_for_Women.JPG	https://commons.wikimedia.org/wiki/Special:FilePath/Xiaotaoyuan_Mosque_for_Women.JPG?width=1024
sh-xtym-3.jpg	https://thumb.wikimedia.org/wikipedia/commons/thumb/2/2b/Xiaotaoyuan_Mosque_-_Prayer_Hall.JPG/1280px-Xiaotaoyuan_Mosque_-_Prayer_Hall.JPG	https://commons.wikimedia.org/wiki/Special:FilePath/Xiaotaoyuan_Mosque_-_Prayer_Hall.JPG?width=1024
sh-yu-1.jpg	https://thumb.wikimedia.org/wikipedia/commons/thumb/4/4b/Yu_Garden_Shanghai_November_2017_003.jpg/1280px-Yu_Garden_Shanghai_November_2017_003.jpg	https://commons.wikimedia.org/wiki/Special:FilePath/Yu_Garden_Shanghai_November_2017_003.jpg?width=1024
sh-yu-2.jpg	https://thumb.wikimedia.org/wikipedia/commons/thumb/3/37/Yu_Garden_Shanghai_November_2017_001.jpg/1280px-Yu_Garden_Shanghai_November_2017_001.jpg	https://commons.wikimedia.org/wiki/Special:FilePath/Yu_Garden_Shanghai_November_2017_001.jpg?width=1024
sh-yu-3.jpg	https://thumb.wikimedia.org/wikipedia/commons/thumb/a/a1/2024-Apr_Shanghai_Yu_Yuan_Garden_%E8%B1%AB%E5%9B%AD_-_img_20.jpg/1280px-2024-Apr_Shanghai_Yu_Yuan_Garden_%E8%B1%AB%E5%9B%AD_-_img_20.jpg	https://commons.wikimedia.org/wiki/Special:FilePath/2024-Apr_Shanghai_Yu_Yuan_Garden_%E8%B1%AB%E5%9B%AD_-_img_20.jpg?width=1024
shfood-caibao.jpg	https://thumb.wikimedia.org/wikipedia/commons/thumb/f/f4/Baozi_%2850381350011%29.jpg/1280px-Baozi_%2850381350011%29.jpg	https://commons.wikimedia.org/wiki/Special:FilePath/Baozi_%2850381350011%29.jpg?width=1024
shfood-dapanji.jpg	https://thumb.wikimedia.org/wikipedia/commons/thumb/9/93/Dapanji_Uyghur_Style.jpg/1280px-Dapanji_Uyghur_Style.jpg	https://commons.wikimedia.org/wiki/Special:FilePath/Dapanji_Uyghur_Style.jpg?width=1024
shfood-grill.jpg	https://thumb.wikimedia.org/wikipedia/commons/thumb/2/28/Mixed_plate_in_Trilye%2C_Ankara.jpg/1280px-Mixed_plate_in_Trilye%2C_Ankara.jpg	https://commons.wikimedia.org/wiki/Special:FilePath/Mixed_plate_in_Trilye%2C_Ankara.jpg?width=1024
shfood-handlamb.jpg	https://thumb.wikimedia.org/wikipedia/commons/thumb/7/78/Hand-cut_lamb_slices_for_hotpot.jpg/1280px-Hand-cut_lamb_slices_for_hotpot.jpg	https://commons.wikimedia.org/wiki/Special:FilePath/Hand-cut_lamb_slices_for_hotpot.jpg?width=1024
shfood-hotpot.jpg	https://thumb.wikimedia.org/wikipedia/commons/thumb/3/37/Instant-boiled_mutton_hot_pot_at_Yangfang_Shengli_%2820200111153612%29.jpg/1280px-Instant-boiled_mutton_hot_pot_at_Yangfang_Shengli_%2820200111153612%29.jpg	https://commons.wikimedia.org/wiki/Special:FilePath/Instant-boiled_mutton_hot_pot_at_Yangfang_Shengli_%2820200111153612%29.jpg?width=1024
shfood-lamb-skewer.jpg	https://thumb.wikimedia.org/wikipedia/commons/thumb/5/57/Jumbo_kebab_at_Xinjiang_Restaurant_%2820141121184744%29.JPG/1280px-Jumbo_kebab_at_Xinjiang_Restaurant_%2820141121184744%29.JPG	https://commons.wikimedia.org/wiki/Special:FilePath/Jumbo_kebab_at_Xinjiang_Restaurant_%2820141121184744%29.JPG?width=1024
shfood-lanzhou.jpg	https://thumb.wikimedia.org/wikipedia/commons/thumb/8/88/Lanzhou_beef_noodles_in_Xizhimen_%2820150212172050%29.JPG/1280px-Lanzhou_beef_noodles_in_Xizhimen_%2820150212172050%29.JPG	https://commons.wikimedia.org/wiki/Special:FilePath/Lanzhou_beef_noodles_in_Xizhimen_%2820150212172050%29.JPG?width=1024
shfood-lige.jpg	https://thumb.wikimedia.org/wikipedia/commons/thumb/c/cd/City_Temple_Pear_Syrup_Candy_Shop_-_Chenghuang_Temple%2C_Huangpu%2C_Shanghai%2C_China.jpg/1280px-City_Temple_Pear_Syrup_Candy_Shop_-_Chenghuang_Temple%2C_Huangpu%2C_Shanghai%2C_China.jpg	https://commons.wikimedia.org/wiki/Special:FilePath/City_Temple_Pear_Syrup_Candy_Shop_-_Chenghuang_Temple%2C_Huangpu%2C_Shanghai%2C_China.jpg?width=1024
shfood-polo.jpg	https://thumb.wikimedia.org/wikipedia/commons/thumb/a/a9/Uyghur_polo_as_served_at_Jiang_Lai_in_Toshima%2C_Tokyo.jpg/1280px-Uyghur_polo_as_served_at_Jiang_Lai_in_Toshima%2C_Tokyo.jpg	https://commons.wikimedia.org/wiki/Special:FilePath/Uyghur_polo_as_served_at_Jiang_Lai_in_Toshima%2C_Tokyo.jpg?width=1024
shfood-samsa.jpg	https://thumb.wikimedia.org/wikipedia/commons/thumb/0/09/Uyghur_samsa.jpg/1280px-Uyghur_samsa.jpg	https://commons.wikimedia.org/wiki/Special:FilePath/Uyghur_samsa.jpg?width=1024
shfood-tangyuan.jpg	https://upload.wikimedia.org/wikipedia/commons/3/38/Chinese_Tangyuan.jpeg	https://commons.wikimedia.org/wiki/Special:FilePath/Chinese_Tangyuan.jpeg?width=1024
shfood-xlb.jpg	https://thumb.wikimedia.org/wikipedia/commons/thumb/5/5e/Xiaolongbao_Shanghai.jpg/1280px-Xiaolongbao_Shanghai.jpg	https://commons.wikimedia.org/wiki/Special:FilePath/Xiaolongbao_Shanghai.jpg?width=1024
shibuya-crossing-2.jpg	https://thumb.wikimedia.org/wikipedia/commons/thumb/5/53/Hachiko_%2853083712909%29.jpg/1280px-Hachiko_%2853083712909%29.jpg	https://commons.wikimedia.org/wiki/Special:FilePath/Hachiko_%2853083712909%29.jpg?width=1024
shibuya-crossing-3.jpg	https://thumb.wikimedia.org/wikipedia/commons/thumb/b/b0/Shibuya_Scramble_crossing.jpg/1280px-Shibuya_Scramble_crossing.jpg	https://commons.wikimedia.org/wiki/Special:FilePath/Shibuya_Scramble_crossing.jpg?width=1024
shibuya-crossing.jpg	https://upload.wikimedia.org/wikipedia/commons/thumb/c/c5/Tokyo_Shibuya_Scramble_Crossing_2018-10-09.jpg/1280px-Tokyo_Shibuya_Scramble_Crossing_2018-10-09.jpg	https://commons.wikimedia.org/wiki/Special:FilePath/Tokyo_Shibuya_Scramble_Crossing_2018-10-09.jpg?width=1024
shibuya-sky-1.jpg	https://thumb.wikimedia.org/wikipedia/commons/thumb/3/3c/Shibuya_Scramble_Square_-_SHIBUYA_SKY_10.jpg/1280px-Shibuya_Scramble_Square_-_SHIBUYA_SKY_10.jpg	https://commons.wikimedia.org/wiki/Special:FilePath/Shibuya_Scramble_Square_-_SHIBUYA_SKY_10.jpg?width=1024
shibuya-sky-2.jpg	https://thumb.wikimedia.org/wikipedia/commons/thumb/8/8e/Shibuya_Scramble_Square_SHIBUYA_SKY_%2853083861869%29.jpg/1280px-Shibuya_Scramble_Square_SHIBUYA_SKY_%2853083861869%29.jpg	https://commons.wikimedia.org/wiki/Special:FilePath/Shibuya_Scramble_Square_SHIBUYA_SKY_%2853083861869%29.jpg?width=1024
shibuya-sky-3.jpg	https://thumb.wikimedia.org/wikipedia/commons/thumb/4/45/SHIBUYA_SCRAMBLE_SQUARE_East_Tower.jpg/1280px-SHIBUYA_SCRAMBLE_SQUARE_East_Tower.jpg	https://commons.wikimedia.org/wiki/Special:FilePath/SHIBUYA_SCRAMBLE_SQUARE_East_Tower.jpg?width=1024
skytree-2.jpg	https://thumb.wikimedia.org/wikipedia/commons/thumb/5/50/Tokyo_Skytree_at_night_view.jpg/1280px-Tokyo_Skytree_at_night_view.jpg	https://commons.wikimedia.org/wiki/Special:FilePath/Tokyo_Skytree_at_night_view.jpg?width=1024
skytree-3.jpg	https://thumb.wikimedia.org/wikipedia/commons/thumb/9/9b/Views_from_Tokyo_Skytree_at_night_20200815.jpg/1280px-Views_from_Tokyo_Skytree_at_night_20200815.jpg	https://commons.wikimedia.org/wiki/Special:FilePath/Views_from_Tokyo_Skytree_at_night_20200815.jpg?width=1024
skytree-4.jpg	https://thumb.wikimedia.org/wikipedia/commons/thumb/1/17/Tokyo_Skytree_Tembo_Deck_%2853081433435%29.jpg/1280px-Tokyo_Skytree_Tembo_Deck_%2853081433435%29.jpg	https://commons.wikimedia.org/wiki/Special:FilePath/Tokyo_Skytree_Tembo_Deck_%2853081433435%29.jpg?width=1024
skytree.jpg	https://thumb.wikimedia.org/wikipedia/commons/thumb/6/62/Asahi_Breweries_headquarters_building_with_the_Asahi_Flame_and_Skytree_at_blue_hour_with_full_moon%2C_Sumida-ku%2C_Tokyo%2C_Japan.jpg/1280px-Asahi_Breweries_headquarters_building_with_the_Asahi_Flame_and_Skytree_at_blue_hour_with_full_moon%2C_Sumida-ku%2C_Tokyo%2C_Japan.jpg	https://commons.wikimedia.org/wiki/Special:FilePath/Asahi_Breweries_headquarters_building_with_the_Asahi_Flame_and_Skytree_at_blue_hour_with_full_moon%2C_Sumida-ku%2C_Tokyo%2C_Japan.jpg?width=1024
sumida-1.jpg	https://thumb.wikimedia.org/wikipedia/commons/thumb/e/e7/Sumida-Aquarium-1.jpg/1280px-Sumida-Aquarium-1.jpg	https://commons.wikimedia.org/wiki/Special:FilePath/Sumida-Aquarium-1.jpg?width=1024
sumida-2.jpg	https://thumb.wikimedia.org/wikipedia/commons/thumb/2/27/Jellyfish_in_Sumida_Aquarium_20180215.jpg/1280px-Jellyfish_in_Sumida_Aquarium_20180215.jpg	https://commons.wikimedia.org/wiki/Special:FilePath/Jellyfish_in_Sumida_Aquarium_20180215.jpg?width=1024
sumida-3.jpg	https://thumb.wikimedia.org/wikipedia/commons/thumb/e/e4/Fishes_in_Sumida_Aquarium_20180215.jpg/1280px-Fishes_in_Sumida_Aquarium_20180215.jpg	https://commons.wikimedia.org/wiki/Special:FilePath/Fishes_in_Sumida_Aquarium_20180215.jpg?width=1024
takeshita-2.jpg	https://thumb.wikimedia.org/wikipedia/commons/thumb/9/92/Takeshita_Street.jpg/1280px-Takeshita_Street.jpg	https://commons.wikimedia.org/wiki/Special:FilePath/Takeshita_Street.jpg?width=1024
takeshita-3.jpg	https://thumb.wikimedia.org/wikipedia/commons/thumb/5/54/Takeshita_street%2C_Tokyo%2C_20240822_1032_5383.jpg/1280px-Takeshita_street%2C_Tokyo%2C_20240822_1032_5383.jpg	https://commons.wikimedia.org/wiki/Special:FilePath/Takeshita_street%2C_Tokyo%2C_20240822_1032_5383.jpg?width=1024
takeshita.jpg	https://thumb.wikimedia.org/wikipedia/commons/thumb/c/c4/Japan_Tokyo_Takeshita_street_at_summer_-_%E6%9D%B1%E4%BA%AC%E7%AB%B9%E4%B8%8B.jpg/1280px-Japan_Tokyo_Takeshita_street_at_summer_-_%E6%9D%B1%E4%BA%AC%E7%AB%B9%E4%B8%8B.jpg	https://commons.wikimedia.org/wiki/Special:FilePath/Japan_Tokyo_Takeshita_street_at_summer_-_%E6%9D%B1%E4%BA%AC%E7%AB%B9%E4%B8%8B.jpg?width=1024
teamlab-planets-2.jpg	https://thumb.wikimedia.org/wikipedia/commons/thumb/8/80/At_teamLab_Planets_%2848277798316%29.jpg/1280px-At_teamLab_Planets_%2848277798316%29.jpg	https://commons.wikimedia.org/wiki/Special:FilePath/At_teamLab_Planets_%2848277798316%29.jpg?width=1024
teamlab-planets-3.jpg	https://thumb.wikimedia.org/wikipedia/commons/thumb/0/0e/Teamlab_toyosu.jpg/1280px-Teamlab_toyosu.jpg	https://commons.wikimedia.org/wiki/Special:FilePath/Teamlab_toyosu.jpg?width=1024
teamlab-planets.jpg	https://thumb.wikimedia.org/wikipedia/commons/thumb/f/ff/Photos_at_teamlab_planets_tokyo.jpg/1280px-Photos_at_teamlab_planets_tokyo.jpg	https://commons.wikimedia.org/wiki/Special:FilePath/Photos_at_teamlab_planets_tokyo.jpg?width=1024
tokyo-camii-2.jpg	https://thumb.wikimedia.org/wikipedia/commons/thumb/3/31/Tokyo_Camii_dome_interior.JPG/1280px-Tokyo_Camii_dome_interior.JPG	https://commons.wikimedia.org/wiki/Special:FilePath/Tokyo_Camii_dome_interior.JPG?width=1024
tokyo-camii-3.jpg	https://thumb.wikimedia.org/wikipedia/commons/thumb/0/07/Tokyo_Camii_mihrab.JPG/1280px-Tokyo_Camii_mihrab.JPG	https://commons.wikimedia.org/wiki/Special:FilePath/Tokyo_Camii_mihrab.JPG?width=1024
tokyo-camii-4.jpg	https://thumb.wikimedia.org/wikipedia/commons/thumb/0/07/Tokyo_Camii_-_9164943601.jpg/1280px-Tokyo_Camii_-_9164943601.jpg	https://commons.wikimedia.org/wiki/Special:FilePath/Tokyo_Camii_-_9164943601.jpg?width=1024
tokyo-camii.jpg	https://thumb.wikimedia.org/wikipedia/commons/thumb/f/f8/Tokyo_Camii_01.JPG/1280px-Tokyo_Camii_01.JPG	https://commons.wikimedia.org/wiki/Special:FilePath/Tokyo_Camii_01.JPG?width=1024
